{
  "users": {
    "6281214281312@s.whatsapp.net": {
      "afkTime": -1,
      "afkReason": "",
      "limit": "Infinity"
    }
  },
  "chats": {
    "6281214281312@s.whatsapp.net": {
      "mute": false
    },
    "120363041426385506@g.us": {
      "mute": false
    },
    "120363042561799035@g.us": {
      "mute": false
    }
  },
  "database": {},
  "game": {
    "tebaklagu": [],
    "family100": [],
    "math": [],
    "tebakgambar": [],
    "tebakkata": [],
    "lontong": [],
    "lontong_desk": [],
    "kalimat": [],
    "lirik": [],
    "tebakan": []
  },
  "settings": {
    "6281214281312@s.whatsapp.net": {
      "status": 0,
      "templateImage": true,
      "templateVideo": false,
      "templateGif": false,
      "templateMsg": false,
      "available": false,
      "composing": false,
      "recording": false
    }
  },
  "others": {
    "vote": []
  },
  "sticker": {}
}